{"cameraMode":{"drawMode":0,"name":"Shaded","section":"Shading Mode"},"sceneLighting":false,"audioPlay":false,"sceneViewState":{"m_AlwaysRefresh":false,"showFog":true,"showSkybox":false,"showFlares":true,"showImageEffects":true,"showParticleSystems":true,"showVisualEffectGraphs":true,"m_FxEnabled":true},"in2DMode":false,"pivot":{"x":239.55824279785157,"y":11.414047241210938,"z":218.72987365722657},"rotation":{"x":-0.2813214659690857,"y":0.20607872307300569,"z":-0.061995238065719607,"w":-0.9351809024810791},"size":1.8623833656311036,"orthographic":false}